,ex_1,ex_2,ex_3,ex_4,ex_5,ex_6,ex_7,ex_8,ex_9,ex_10,ex_11,ex_12,ex_13,ex_14,ex_15,ex_16,ex_17,ex_18,ex_19,ex_20,ex_21,ex_22,ex_23,ex_24,ex_25,ex_26,ex_27,ex_28,ex_29,ex_30,ex_31,ex_32,ex_33,ex_34,ex_35,ex_36,ex_37,ex_38,ex_39,ex_40,ex_41,ex_42,ex_43,ex_44,ex_45,ex_46,ex_47,ex_48,ex_49,ex_50,ex_51,ex_52,ex_53,ex_54,ex_55,ex_56,ex_57,ex_58,ex_59,ex_60,ex_61,ex_62,ex_63,ex_64,ex_65,ex_66,ex_67,ex_68,ex_69,ex_70,ex_71,ex_72,ex_73,ex_74,ex_75,ex_76,ex_77,ex_78,ex_79,ex_80,ex_81,ex_82,ex_83,ex_84,ex_85,ex_86,ex_87,ex_88,ex_89,ex_90,ex_91,ex_92,ex_93,ex_94,ex_95,ex_96,ex_97,ex_98,ex_99
br_1,8199,8124,9502,7954,8150,8803,8244,10420,9415,7956,9408,6461,1667,9407,1556,7033,8807,9304,8333,9406,8088,8599,7948,8005,8390,9483,9077,9499,8358,8402,8015,9405,6461,9856,8800,9685,8280,9471,9598,9405,5781,11052,10348,8123,10178,9397,9407,8650,9819,13955,8390,9582,9586,10258,8247,7477,8202,8145,9404,8321,10005,7747,7701,8403,8184,7744,10688,9407,9650,8689,7651,8206,8145,9407,10258,7682,4967,9409,9527,8201,9301,8181,7954,8392,9571,8291,8270,9671,1667,10215,9459,9574,6247,9866,2576,9283,9631,7902,8938
br_2,9045,8970,10347,8801,8996,9647,9090,10552,10261,8803,10254,6781,843,10253,712,7409,9651,10149,9179,10252,8317,9015,8463,8851,9236,10319,9921,10344,9203,9248,8260,10252,6781,10701,9644,10526,8683,10315,10440,10251,6157,11322,11193,8967,11023,10235,10253,9496,10665,13118,9236,10427,10427,11104,8702,7875,8777,8697,10251,8773,10851,8305,8254,9246,8682,8302,11052,10253,10496,9015,8148,8697,8697,10253,11104,8209,5812,10253,10370,8776,10147,9027,8800,9238,10416,9137,9116,10517,843,11061,10303,10416,6590,10109,1875,10126,10472,8321,9784
br_3,7963,7884,9275,7713,7913,8538,8009,10646,9173,7715,9166,6635,1967,9165,1834,7180,8542,9042,8087,9164,8290,8719,8022,7750,8137,9197,8814,9272,8127,8150,8211,9163,6635,9592,8535,9411,8409,9247,9380,9163,5935,11225,10115,7860,9920,9190,9165,8393,9580,14150,8137,9353,9311,10006,8351,7611,8241,8197,9163,8425,9756,7798,7754,8134,8265,7795,10822,9165,9412,8849,7736,8291,8197,9165,10006,7751,4716,9143,9258,8240,9043,7939,7713,8139,9345,8059,8032,9416,1967,9976,9233,9358,6413,10055,2924,9061,9414,8025,8681
br_4,7702,7627,9008,7457,7653,8303,7748,10378,8917,7459,8910,6339,2166,8909,2056,6870,8307,8804,7835,8908,8008,8398,7689,7506,7891,8985,8577,9005,7862,7903,7925,8908,6339,9357,8300,9185,8091,8978,9106,8907,5631,10923,9852,7623,9678,8909,8909,8151,9322,14439,7891,9088,9087,9759,8025,7295,7902,7860,8907,8100,9506,7461,7418,7903,7934,7458,10505,8909,9153,8544,7405,7961,7860,8910,9759,7417,4467,8909,9027,7902,8802,7683,7456,7893,9077,7795,7773,9172,2166,9718,8965,9083,6113,9762,3039,8790,9139,7705,8439
br_5,8679,8603,9984,8433,8630,9273,8724,10573,9893,8435,9887,6708,1218,9885,1088,7310,9277,9776,8810,9884,8289,8900,8299,8479,8865,9942,9548,9981,8839,8878,8225,9884,6708,10327,9270,10151,8574,9954,10081,9884,6055,11281,10829,8594,10652,9881,9885,9124,10298,13471,8865,10064,10052,10734,8568,7767,8583,8514,9883,8640,10481,8118,8070,8871,8526,8115,10966,9885,10129,8944,7992,8545,8514,9886,10734,8038,5442,9879,9996,8581,9775,8659,8433,8867,10053,8772,8749,10146,1218,10695,9941,10057,6505,10079,2213,9765,10114,8203,9412
br_6,8144,8070,9445,7901,8096,8756,8189,10341,9361,7903,9355,6376,1710,9353,1606,6946,8760,9256,8281,9352,8006,8511,7860,7956,8340,9443,9029,9442,8302,8352,7932,9352,6376,9809,8753,9640,8193,9413,9539,9351,5694,10968,10292,8075,10128,9335,9353,8601,9764,14018,8340,9525,9542,10206,8159,7389,8114,8056,9351,8233,9953,7659,7612,8356,8095,7655,10601,9353,9595,8603,7562,8118,8056,9354,10206,7594,4917,9362,9480,8113,9252,8128,7901,8342,9514,8236,8215,9621,1710,10161,9401,9514,6162,9783,2589,9224,9571,7814,8889
br_7,7507,7440,8788,7275,7462,8172,7552,9768,8727,7277,8722,5723,2343,8720,2282,6257,8174,8660,7660,8720,7394,7793,7103,7355,7733,8901,8437,8785,7656,7744,7310,8719,5723,9214,8168,9067,7482,8751,8868,8719,5016,10308,9639,7490,9520,8649,8720,8000,9124,14703,7733,8870,8975,9587,7425,6685,7339,7287,8717,7500,9329,6889,6844,7780,7344,6886,9896,8720,8954,7929,6814,7369,7287,8721,9587,6834,4335,8776,8897,7338,8649,7501,7275,7734,8854,7593,7582,9010,2343,9519,8742,8840,5497,9147,3016,8559,8897,7098,8286
br_8,8193,8118,9497,7949,8144,8797,8239,10427,9409,7950,9402,6467,1674,9401,1562,7038,8800,9298,8327,9400,8095,8603,7951,7999,8384,9476,9070,9494,8352,8396,8021,9400,6467,9850,8793,9678,8285,9466,9593,9399,5786,11058,10343,8116,10172,9392,9401,8644,9813,13959,8384,9577,9580,10252,8251,7481,8204,8147,9399,8325,9999,7749,7703,8396,8187,7746,10693,9401,9644,8694,7654,8210,8147,9401,10252,7685,4960,9403,9520,8203,9295,8175,7948,8386,9566,8286,8264,9665,1674,10210,9453,9569,6253,9872,2585,9277,9626,7906,8932
br_9,8507,8433,9806,8265,8459,9122,8552,10363,9724,8266,9718,6473,1344,9717,1243,7070,9125,9621,8644,9716,8065,8656,8050,8321,8705,9808,9394,9803,8664,8717,7998,9715,6473,10174,9118,10005,8331,9773,9897,9715,5815,11052,10653,8441,10493,9691,9717,8966,10127,13664,8705,9886,9908,10571,8322,7525,8333,8264,9714,8394,10317,7869,7820,8722,8278,7866,10726,9716,9958,8708,7744,8297,8264,9717,10571,7789,5282,9728,9846,8332,9617,8491,8264,8706,9874,8598,8578,9986,1344,10523,9761,9872,6268,9853,2252,9583,9929,7960,9254
br_10,6097,6017,7411,5845,6046,6674,6143,10322,7305,5847,7298,6211,3799,7297,3686,6572,6677,7176,6219,7296,7929,7900,7016,5882,6269,7352,6949,7409,6262,6281,7819,7295,6211,7728,6670,7552,7643,7386,7522,7295,5453,10562,8249,5994,8053,7343,7297,6526,7712,15970,6269,7489,7454,8137,7466,6913,7074,7088,7295,7543,7887,6700,6671,6272,7283,6697,9982,7296,7545,8225,6793,7325,7088,7297,8137,6734,2848,7279,7396,7075,7176,6071,5845,6271,7483,6194,6165,7549,3799,8108,7371,7502,5957,9531,4623,7201,7557,7248,6814
br_11,6759,6681,8071,6510,6709,7346,6805,10355,7970,6512,7964,6236,3125,7963,3013,6673,7350,7848,6886,7962,7951,8098,7281,6552,6939,8026,7621,8068,6923,6951,7851,7961,6236,8400,7343,8226,7817,8043,8177,7961,5490,10723,8912,6666,8724,7989,7963,7197,8377,15343,6939,8149,8128,8807,7685,7053,7405,7395,7960,7762,8556,7000,6964,6945,7540,6997,10205,7962,8209,8350,7030,7576,7395,7963,8807,7001,3515,7952,8069,7406,7847,6736,6510,6941,8142,6855,6829,8219,3125,8773,8029,8155,5991,9630,3967,7857,8211,7423,7485
br_12,8050,7974,9356,7803,8001,8644,8095,10487,9264,7805,9257,6498,1834,9256,1715,7055,8648,9146,8180,9255,8141,8608,7933,7849,8236,9318,8919,9354,8210,8248,8064,9254,6498,9698,8641,9523,8293,9327,9456,9254,5806,11090,10201,7965,10022,9259,9256,8494,9669,14090,8236,9436,9424,10104,8247,7492,8170,8119,9254,8322,9851,7720,7676,8243,8173,7717,10705,9256,9500,8719,7641,8197,8119,9256,10104,7665,4812,9250,9367,8169,9145,8030,7803,8237,9426,8143,8120,9516,1834,10066,9314,9432,6279,9912,2754,9139,9489,7912,8782
br_13,7963,7884,9275,7713,7913,8536,8009,10658,9172,7715,9165,6646,1970,9164,1837,7190,8541,9041,8087,9163,8301,8729,8031,7749,8137,9195,8813,9272,8127,8149,8222,9163,6646,9591,8533,9409,8419,9248,9380,9163,5946,11236,10115,7858,9919,9191,9164,8392,9579,14148,8137,9354,9309,10005,8360,7621,8249,8205,9162,8435,9755,7806,7763,8133,8274,7803,10832,9164,9412,8860,7745,8301,8205,9165,10005,7760,4716,9141,9257,8248,9042,7938,7712,8139,9346,8059,8032,9416,1970,9976,9233,9358,6424,10065,2930,9061,9414,8035,8680
br_14,5843,5772,7138,5606,5796,6493,5888,9712,7063,5608,7057,5608,3993,7055,3910,5954,6496,6983,5989,7055,7324,7276,6396,5679,6058,7224,6759,7135,5998,6069,7212,7054,5608,7537,6489,7388,7019,7105,7229,7054,4850,9937,7986,5811,7846,7026,7055,6323,7463,16325,6058,7219,7296,7917,6842,6291,6467,6476,7052,6919,7660,6086,6055,6101,6663,6083,9359,7055,7293,7603,6170,6704,6476,7056,7917,6114,2656,7098,7218,6468,6973,5832,5606,6059,7206,5932,5916,7337,3993,7859,7093,7204,5353,8910,4687,6915,7261,6624,6610
br_15,5884,5806,7195,5635,5834,6479,5930,10149,7096,5637,7089,6048,3986,7088,3881,6389,6483,6979,6012,7087,7764,7692,6795,5681,6066,7172,6752,7193,6047,6078,7651,7086,6048,7532,6476,7363,7440,7168,7302,7086,5290,10357,8036,5798,7853,7118,7088,6326,7502,16204,6066,7274,7266,7934,7253,6719,6842,6860,7086,7330,7682,6474,6446,6079,7064,6471,9766,7088,7334,8033,6578,7107,6860,7088,7934,6514,2642,7085,7203,6844,6976,5862,5635,6068,7266,5980,5953,7347,3986,7898,7154,7281,5793,9342,4774,6982,7337,7046,6614
br_16,8109,8036,9405,7868,8061,8734,8154,10214,9327,7870,9321,6249,1732,9320,1642,6821,8737,9231,8249,9319,7879,8387,7742,7929,8312,9431,9005,9402,8264,8324,7804,9318,6249,9785,8731,9621,8069,9372,9495,9318,5568,10841,10253,8052,10101,9286,9320,8575,9728,14068,8312,9486,9525,10176,8037,7265,8001,7941,9317,8111,9922,7544,7497,8336,7976,7541,10476,9319,9559,8477,7443,7998,7941,9320,10176,7476,4892,9340,9459,8000,9225,8095,7868,8314,9473,8199,8181,9593,1732,10125,9360,9469,6035,9655,2565,9182,9526,7691,8862
br_17,9045,8970,10347,8801,8996,9647,9090,10557,10261,8803,10254,6786,844,10253,713,7414,9651,10149,9179,10252,8322,9019,8467,8851,9236,10318,9921,10344,9203,9248,8265,10252,6786,10700,9643,10525,8687,10316,10441,10251,6161,11327,11194,8967,11023,10236,10253,9496,10665,13118,9236,10427,10426,11104,8706,7880,8781,8701,10251,8777,10851,8309,8258,9245,8686,8305,11057,10253,10496,9020,8152,8701,8701,10253,11104,8213,5812,10252,10369,8779,10146,9027,8800,9238,10416,9137,9116,10517,844,11062,10303,10416,6595,10114,1878,10126,10473,8325,9784
br_18,7968,7890,9280,7718,7918,8543,8014,10651,9178,7720,9171,6640,1963,9170,1830,7185,8547,9047,8092,9169,8295,8725,8028,7755,8143,9202,8819,9277,8132,8155,8215,9168,6640,9597,8540,9416,8414,9253,9385,9168,5940,11230,10121,7865,9925,9196,9170,8399,9585,14144,8143,9359,9315,10011,8356,7616,8247,8203,9168,8431,9761,7804,7760,8139,8271,7801,10828,9170,9417,8854,7742,8297,8203,9170,10011,7757,4722,9148,9263,8246,9048,7944,7718,8145,9351,8064,8037,9422,1963,9981,9239,9363,6418,10059,2921,9066,9419,8030,8687
br_19,7738,7660,9048,7489,7688,8322,7783,10530,8949,7491,8943,6490,2163,8941,2040,7019,8326,8825,7865,8940,8160,8544,7828,7530,7917,8991,8597,9045,7900,7929,8077,8940,6490,9376,8319,9199,8238,9019,9151,8940,5781,11074,9890,7643,9702,8959,8941,8174,9355,14383,7917,9127,9099,9786,8168,7443,8034,7995,8939,8243,9534,7596,7553,7920,8074,7593,10652,8941,9187,8693,7547,8102,7995,8942,9786,7555,4494,8927,9044,8034,8825,7715,7489,7919,9118,7833,7807,9197,2163,9752,9006,9128,6264,9914,3078,8832,9185,7851,8463
br_20,7885,7810,9190,7640,7837,8488,7931,10393,9101,7642,9094,6380,1982,9093,1871,6927,8492,8989,8018,9092,8035,8471,7783,7690,8075,9169,8761,9187,8045,8087,7956,9091,6380,9541,8485,9369,8159,9160,9288,9091,5682,10971,10035,7807,9863,9089,9093,8335,9505,14261,8075,9270,9271,9943,8105,7360,8011,7963,9090,8179,9690,7564,7520,8087,8024,7561,10572,9093,9336,8595,7494,8050,7963,9093,9943,7513,4652,9094,9211,8011,8986,7867,7640,8077,9260,7978,7956,9356,1982,9902,9147,9264,6159,9800,2866,8971,9321,7776,8623
br_21,9142,9070,10435,8902,9095,9767,9187,10350,10361,8904,10355,6625,698,10353,620,7264,9770,10265,9284,10352,8136,8876,8355,8963,9347,10456,10039,10432,9296,9358,8083,10352,6625,10818,9764,10652,8541,10401,10521,10351,6016,11143,11285,9086,11136,10308,10353,9609,10762,13046,9347,10516,10555,11211,8575,7735,8689,8601,10350,8645,10956,8212,8160,9368,8568,8209,10896,10353,10592,8854,8035,8581,8601,10354,11211,8105,5926,10373,10491,8687,10260,9129,8902,9348,10503,9231,9214,10628,698,11158,10390,10495,6440,9928,1656,10210,10552,8185,9896
br_22,7975,7896,9287,7725,7924,8549,8021,10655,9184,7727,9177,6645,1958,9176,1824,7190,8553,9053,8099,9175,8299,8731,8034,7761,8149,9208,8825,9284,8138,8161,8220,9175,6645,9603,8546,9422,8420,9259,9392,9175,5946,11235,10127,7871,9931,9203,9176,8405,9591,14137,8149,9365,9321,10017,8362,7622,8253,8209,9174,8437,9767,7810,7767,8145,8277,7807,10833,9176,9424,8859,7748,8303,8209,9177,10017,7763,4728,9154,9269,8253,9054,7950,7724,8151,9357,8071,8044,9428,1958,9988,9245,9370,6423,10064,2917,9073,9426,8036,8693
br_23,6212,6158,7430,6008,6173,6970,6253,8698,7417,6009,7413,4576,3825,7411,3801,4990,6970,7426,6395,7410,6296,6419,5634,6141,6494,7769,7213,7427,6339,6504,6191,7410,4576,7971,6966,7871,6134,7383,7481,7409,3823,9037,8277,6304,8244,7235,7411,6768,7793,16059,6494,7514,7791,8288,6015,5368,5810,5778,7406,6091,8027,5380,5340,6605,5888,5377,8530,7411,7624,6665,5369,5920,5778,7411,8288,5357,3293,7557,7682,5810,7400,6228,6008,6495,7489,6282,6291,7738,3825,8180,7379,7448,4327,7950,4242,7189,7506,5741,7044
br_24,7662,7595,8938,7431,7617,8333,7706,9720,8882,7433,8876,5700,2199,8875,2148,6249,8335,8820,7817,8874,7357,7800,7135,7515,7891,9066,8597,8935,7809,7902,7276,8874,5700,9374,8329,9229,7486,8900,9015,8873,5002,10290,9790,7651,9677,8793,8875,8159,9277,14557,7891,9021,9138,9742,7441,6685,7387,7329,8871,7515,9484,6931,6885,7942,7371,6928,9897,8875,9107,7916,6839,7395,7329,8875,9742,6868,4498,8936,9058,7386,8807,7657,7431,7893,9003,7746,7736,9168,2199,9672,8891,8987,5478,9119,2848,8708,9044,7104,8444
br_25,9262,9187,10564,9018,9213,9863,9307,10591,10478,9020,10471,6879,643,10470,499,7518,9867,10365,9396,10469,8387,9130,8604,9067,9453,10532,10137,10561,9420,9465,8335,10469,6879,10917,9860,10741,8795,10532,10657,10468,6270,11395,11410,9183,11240,10451,10470,9712,10882,12903,9453,10644,10642,11321,8828,7989,8932,8846,10468,8897,11068,8456,8404,9461,8818,8453,11150,10470,10713,9108,8285,8831,8846,10470,11321,8353,6029,10469,10585,8930,10363,9244,9017,9455,10632,9354,9333,10734,643,11278,10520,10632,6694,10178,1721,10343,10689,8438,10000
br_26,8194,8119,9498,7949,8145,8798,8239,10422,9410,7951,9403,6462,1673,9402,1561,7034,8802,9299,8328,9401,8090,8599,7948,8000,8385,9478,9072,9495,8353,8397,8017,9400,6462,9851,8795,9679,8281,9467,9594,9400,5782,11054,10343,8118,10173,9392,9402,8645,9814,13959,8385,9578,9581,10253,8247,7477,8201,8144,9399,8321,10000,7746,7700,8397,8184,7743,10689,9402,9645,8690,7651,8206,8144,9402,10253,7682,4962,9404,9521,8200,9296,8176,7949,8387,9567,8286,8265,9666,1673,10211,9454,9569,6248,9868,2582,9278,9626,7903,8933
br_27,8454,8385,9738,8220,8408,9106,8499,10008,9674,8221,9669,6129,1393,9667,1342,6734,9108,9598,8604,9666,7714,8327,7743,8293,8673,9819,9373,9735,8605,8684,7648,9666,6129,10152,9102,9998,8000,9701,9818,9665,5479,10704,10589,8423,10462,9598,9667,8939,10072,13753,8673,9820,9904,10531,8000,7193,8045,7969,9664,8072,10274,7575,7525,8711,7967,7572,10389,9667,9902,8365,7432,7984,7969,9667,10531,7486,5263,9711,9831,8043,9588,8446,8220,8675,9804,8541,8528,9952,1393,10468,9691,9790,5928,9502,2140,9509,9848,7631,9225
br_28,8198,8123,9502,7953,8149,8801,8244,10430,9414,7955,9407,6470,1670,9406,1558,7042,8805,9302,8332,9405,8098,8607,7956,8004,8389,9481,9075,9499,8357,8401,8024,9404,6470,9855,8798,9682,8289,9471,9598,9404,5790,11062,10348,8121,10176,9397,9406,8649,9818,13954,8389,9582,9584,10256,8256,7485,8209,8152,9403,8329,10004,7754,7708,8401,8192,7751,10697,9406,9649,8698,7659,8214,8152,9406,10256,7690,4965,9407,9525,8208,9300,8180,7953,8391,9571,8291,8269,9670,1670,10215,9458,9574,6256,9876,2582,9282,9631,7911,8937
br_29,5999,5920,7313,5748,5948,6581,6045,10269,7208,5750,7201,6162,3889,7200,3778,6513,6584,7083,6122,7199,7880,7829,6938,5787,6174,7263,6855,7310,6164,6186,7768,7198,6162,7634,6577,7461,7574,7287,7423,7198,5404,10492,8151,5901,7959,7242,7200,6431,7615,16072,6174,7391,7363,8042,7392,6849,6989,7005,7198,7469,7791,6618,6590,6179,7205,6615,9906,7200,7447,8162,6718,7248,7005,7200,8042,6656,2752,7186,7303,6990,7082,5974,5748,6176,7384,6096,6067,7454,3889,8011,7272,7402,5908,9470,4702,7102,7458,7180,6719
br_30,7965,7887,9277,7715,7915,8540,8011,10646,9175,7717,9168,6636,1965,9167,1832,7180,8544,9045,8089,9166,8290,8720,8023,7752,8140,9200,8816,9274,8129,8152,8211,9165,6636,9595,8537,9413,8410,9250,9382,9165,5936,11226,10117,7862,9922,9192,9167,8396,9582,14148,8140,9356,9313,10008,8352,7612,8242,8198,9165,8426,9758,7799,7756,8137,8266,7796,10823,9167,9414,8850,7737,8293,8198,9167,10008,7752,4719,9145,9261,8242,9045,7941,7715,8142,9348,8061,8034,9419,1965,9978,9235,9360,6414,10055,2922,9063,9416,8026,8684
br_31,7830,7760,9117,7594,7783,8478,7874,9965,9049,7596,9044,5962,2010,9042,1940,6518,8480,8970,7977,9041,7611,8074,7411,7666,8046,9193,8745,9114,7981,8057,7532,9041,5962,9524,8474,9370,7758,9082,9201,9040,5270,10554,9967,7795,9835,8986,9042,8311,9448,14368,8046,9199,9276,9905,7716,6956,7663,7605,9039,7790,9648,7208,7161,8083,7648,7204,10169,9042,9278,8182,7116,7671,7605,9043,9905,7144,4635,9083,9203,7662,8961,7820,7594,8047,9184,7917,7903,9325,2010,9844,9071,9174,5743,9378,2748,8890,9231,7378,8598
br_32,8406,8337,9693,8171,8360,9052,8451,10058,9626,8172,9620,6165,1434,9619,1374,6765,9055,9546,8554,9618,7757,8354,7760,8241,8622,9762,9320,9690,8558,8633,7690,9618,6165,10100,9048,9943,8028,9657,9775,9617,5510,10744,10543,8370,10411,9558,9619,8887,10025,13795,8622,9775,9848,10482,8023,7221,8054,7981,9616,8095,10225,7586,7537,8656,7985,7583,10421,9619,9855,8401,7451,8003,7981,9619,10482,7501,5209,9657,9777,8053,9537,8397,8170,8623,9759,8494,8480,9902,1434,10421,9647,9748,5961,9544,2207,9466,9805,7658,9174
br_33,7572,7492,8887,7320,7521,8133,7618,10705,8778,7322,8771,6638,2384,8770,2249,7146,8137,8639,7691,8769,8322,8647,7899,7350,7738,8785,8410,8885,7738,7751,8235,8768,6638,9188,8130,9002,8347,8862,8998,8768,5918,11208,9724,7456,9518,8815,8770,7992,9186,14512,7738,8965,8902,9606,8260,7559,8078,8049,8768,8336,9357,7650,7610,7729,8150,7647,10759,8770,9019,8825,7627,8180,8049,8770,9606,7623,4322,8737,8852,8078,8641,7545,7319,7740,8959,7670,7640,9016,2384,9582,8847,8977,6407,10062,3332,8677,9033,7958,8280
br_34,9019,8944,10321,8775,8970,9622,9064,10539,10235,8777,10229,6762,864,10227,737,7389,9626,10124,9154,10226,8301,8994,8440,8826,9211,10295,9896,10318,9177,9223,8243,10226,6762,10676,9619,10502,8662,10289,10414,10226,6136,11305,11167,8942,10998,10209,10227,9471,10639,13145,9211,10401,10403,11078,8680,7855,8753,8673,10225,8751,10825,8281,8230,9221,8659,8278,11033,10227,10470,8997,8125,8674,8673,10228,11078,8185,5787,10228,10345,8751,10121,9001,8775,9213,10389,9111,9090,10492,864,11036,10277,10389,6571,10093,1888,10099,10446,8300,9759
br_35,7862,7784,9172,7613,7812,8445,7908,10560,9073,7615,9067,6537,2044,9066,1919,7076,8449,8949,7989,9065,8198,8610,7907,7654,8041,9112,8721,9169,8025,8053,8117,9064,6537,9499,8442,9321,8301,9144,9275,9064,5833,11125,10014,7766,9825,9083,9066,8298,9480,14260,8041,9251,9221,9909,8239,7504,8123,8080,9063,8314,9658,7681,7637,8043,8151,7678,10715,9065,9312,8747,7622,8178,8080,9066,9909,7636,4618,9050,9167,8122,8948,7839,7613,8043,9243,7957,7931,9321,2044,9876,9130,9253,6313,9958,2973,8957,9309,7916,8586
br_36,7975,7897,9285,7726,7925,8555,8020,10604,9186,7728,9179,6596,1942,9178,1812,7143,8559,9059,8101,9177,8249,8686,7993,7765,8152,9218,8831,9282,8138,8164,8170,9176,6596,9609,8551,9429,8374,9257,9389,9176,5898,11187,10127,7876,9936,9197,9178,8409,9592,14145,8152,9364,9329,10020,8318,7576,8215,8170,9176,8393,9770,7771,7727,8152,8235,7768,10788,9178,9424,8812,7706,8261,8170,9178,10020,7722,4730,9160,9276,8215,9059,7952,7725,8154,9356,8070,8044,9432,1942,9989,9243,9366,6375,10015,2889,9070,9423,7991,8697
br_37,6093,6013,7407,5841,6042,6670,6139,10320,7301,5843,7294,6208,3803,7293,3690,6569,6674,7173,6215,7292,7927,7897,7013,5878,6265,7349,6945,7405,6258,6277,7817,7291,6208,7724,6667,7549,7640,7382,7518,7291,5451,10558,8245,5990,8049,7339,7293,6522,7708,15974,6265,7485,7450,8134,7462,6910,7070,7084,7291,7539,7883,6696,6667,6268,7280,6694,9979,7293,7541,8223,6790,7322,7084,7293,8134,6731,2844,7275,7392,7072,7172,6067,5841,6267,7479,6190,6161,7545,3803,8104,7367,7498,5955,9528,4626,7197,7553,7245,6810
br_38,8506,8433,9805,8264,8458,9121,8552,10364,9724,8266,9718,6473,1344,9716,1243,7070,9125,9621,8644,9715,8066,8656,8050,8320,8704,9807,9394,9803,8663,8716,7999,9715,6473,10174,9118,10005,8332,9773,9897,9714,5815,11052,10653,8440,10493,9690,9716,8966,10126,13664,8704,9886,9907,10571,8322,7525,8333,8264,9714,8394,10317,7869,7820,8722,8278,7866,10727,9716,9957,8708,7744,8297,8264,9717,10571,7789,5282,9727,9845,8332,9617,8491,8264,8706,9874,8597,8578,9986,1344,10523,9761,9872,6268,9853,2252,9583,9929,7960,9253
br_39,9286,9211,10589,9041,9237,9883,9331,10635,10501,9043,10495,6925,642,10493,485,7565,9886,10385,9419,10492,8433,9177,8650,9089,9475,10548,10157,10586,9445,9487,8381,10492,6925,10937,9879,10759,8842,10558,10684,10492,6316,11440,11435,9203,11261,10479,10493,9733,10905,12874,9475,10669,10660,11342,8874,8036,8977,8892,10491,8944,11090,8502,8450,9480,8864,8499,11196,10493,10737,9155,8331,8878,8892,10494,11342,8399,6051,10488,10605,8975,10384,9267,9041,9476,10658,9378,9357,10755,642,11302,10545,10659,6741,10224,1734,10369,10716,8485,10021
br_40,8677,8601,9982,8431,8628,9272,8723,10573,9892,8433,9885,6707,1220,9884,1090,7310,9276,9774,8809,9883,8289,8899,8298,8478,8864,9941,9547,9980,8837,8876,8224,9882,6707,10326,9269,10149,8573,9952,10080,9882,6055,11281,10827,8592,10650,9879,9884,9123,10296,13472,8864,10062,10050,10732,8567,7766,8582,8513,9882,8639,10480,8117,8069,8870,8525,8114,10965,9884,10128,8943,7991,8544,8513,9884,10732,8037,5440,9878,9994,8580,9773,8658,8431,8866,10052,8770,8748,10145,1220,10693,9939,10056,6505,10078,2215,9763,10112,8203,9411
br_41,7708,7633,9014,7463,7659,8309,7754,10380,8923,7465,8917,6342,2160,8915,2050,6873,8313,8810,7841,8914,8010,8402,7694,7512,7897,8991,8583,9011,7868,7909,7928,8914,6342,9363,8306,9191,8095,8984,9113,8914,5634,10927,9859,7629,9684,8915,8915,8157,9328,14433,7897,9094,9093,9765,8029,7299,7907,7864,8913,8104,9512,7466,7423,7909,7938,7463,10509,8915,9159,8547,7410,7965,7864,8916,9765,7422,4473,8915,9033,7907,8808,7689,7463,7899,9084,7802,7779,9178,2160,9725,8971,9089,6116,9765,3034,8796,9145,7709,8445
br_42,5847,5776,7142,5610,5800,6496,5892,9719,7067,5611,7061,5616,3990,7059,3905,5962,6499,6987,5993,7058,7331,7284,6404,5682,6061,7227,6762,7139,6002,6072,7219,7058,5616,7541,6493,7391,7026,7109,7234,7057,4857,9945,7990,5814,7850,7031,7059,6327,7467,16320,6061,7223,7299,7920,6850,6298,6475,6483,7056,6927,7664,6093,6063,6104,6670,6091,9367,7059,7297,7611,6178,6712,6483,7060,7920,6122,2659,7101,7222,6476,6977,5836,5610,6063,7210,5936,5920,7340,3990,7863,7098,7209,5361,8918,4684,6919,7266,6632,6613
br_43,7967,7889,9280,7717,7917,8541,8013,10656,9177,7719,9170,6645,1965,9169,1832,7189,8546,9046,8092,9168,8300,8729,8032,7754,8142,9200,8818,9277,8131,8154,8220,9168,6645,9596,8538,9414,8419,9252,9385,9167,5945,11235,10120,7864,9924,9196,9169,8397,9584,14144,8142,9358,9314,10010,8360,7620,8250,8206,9167,8435,9760,7807,7764,8138,8275,7804,10832,9169,9416,8859,7746,8301,8206,9169,10010,7761,4721,9146,9262,8250,9047,7943,7717,8144,9350,8063,8036,9421,1965,9980,9238,9363,6423,10064,2925,9066,9419,8035,8685
br_44,7768,7688,9082,7515,7717,8330,7814,10726,8974,7518,8967,6683,2192,8966,2054,7207,8334,8835,7888,8965,8354,8727,8000,7546,7935,8981,8607,9080,7933,7947,8271,8964,6683,9384,8327,9199,8422,9057,9192,8964,5971,11264,9920,7653,9714,9008,8966,8189,9382,14323,7935,9160,9098,9803,8347,7629,8196,8160,8964,8423,9554,7761,7720,7926,8248,7758,10836,8966,9215,8883,7722,8276,8160,8966,9803,7726,4518,8934,9049,8196,8838,7741,7515,7937,9154,7865,7836,9212,2192,9778,9042,9171,6455,10107,3155,8871,9226,8035,8477
br_45,7731,7654,9038,7484,7681,8324,7776,10452,8944,7486,8937,6414,2151,8936,2035,6945,8328,8826,7861,8935,8082,8473,7762,7529,7915,8999,8598,9036,7892,7927,7999,8935,6414,9378,8321,9203,8165,9009,9139,8934,5706,10998,9882,7644,9701,8944,8936,8174,9349,14401,7915,9118,9104,9783,8098,7370,7972,7931,8934,8173,9531,7532,7489,7922,8007,7529,10579,8936,9181,8619,7479,8034,7931,8937,9783,7489,4491,8930,9047,7972,8824,7710,7483,7917,9108,7825,7801,9196,2151,9746,8996,9116,6188,9837,3046,8822,9172,7779,8462
br_46,8197,8122,9501,7952,8148,8799,8243,10441,9412,7954,9406,6481,1673,9405,1560,7052,8803,9300,8330,9404,8109,8617,7965,8002,8387,9477,9073,9498,8356,8399,8036,9403,6481,9852,8796,9680,8299,9471,9598,9403,5801,11073,10347,8119,10174,9398,9405,8647,9817,13954,8387,9581,9581,10255,8265,7496,8217,8160,9402,8339,10002,7763,7716,8398,8201,7760,10707,9405,9648,8709,7668,8223,8160,9405,10255,7699,4963,9405,9522,8216,9298,8179,7952,8389,9571,8290,8268,9668,1673,10214,9458,9574,6267,9887,2589,9282,9631,7921,8935
br_47,8619,8544,9923,8374,8571,9220,8665,10513,9835,8376,9828,6638,1261,9827,1139,7239,9224,9721,8753,9826,8224,8827,8223,8424,8809,9893,9494,9920,8779,8821,8159,9826,6638,10273,9216,10099,8502,9892,10019,9825,5984,11215,10769,8540,10596,9817,9827,9069,10239,13536,8809,10003,10000,10677,8494,7695,8506,8437,9825,8566,10424,8042,7993,8818,8451,8039,10895,9827,10070,8874,7917,8470,8437,9827,10677,7962,5385,9826,9943,8505,9719,8601,8374,8811,9992,8712,8690,10090,1261,10636,9880,9994,6435,10013,2231,9703,10051,8131,9357
br_48,8508,8434,9807,8266,8460,9123,8553,10360,9725,8268,9719,6470,1343,9718,1242,7068,9127,9622,8646,9717,8063,8654,8048,8322,8706,9809,9396,9804,8665,8718,7996,9716,6470,10175,9120,10007,8329,9774,9898,9716,5812,11049,10654,8442,10495,9691,9718,8967,10128,13663,8706,9887,9909,10572,8319,7522,8331,8263,9715,8392,10318,7867,7819,8723,8276,7864,10724,9718,9959,8705,7742,8295,8263,9718,10572,7787,5283,9729,9847,8330,9618,8492,8266,8708,9875,8599,8579,9987,1343,10525,9762,9873,6266,9850,2249,9584,9930,7957,9255
br_49,7137,7100,8255,6965,7106,7961,7174,7832,8296,6966,8294,3781,3521,8291,3572,4336,7959,8379,7345,8291,5450,5908,5315,7141,7466,8795,8181,8252,7240,7473,5365,8291,3781,8905,7957,8845,5586,8198,8268,8290,3086,8371,9078,7322,9140,7992,8291,7739,8641,15119,7466,8340,8777,9159,5570,4781,5644,5554,8286,5643,8902,5165,5113,7624,5536,5162,7991,8292,8478,5998,5002,5552,5554,8292,9159,5062,4481,8521,8646,5642,8340,7174,6966,7466,8305,7191,7218,8650,3521,9010,8200,8229,3559,7203,3566,8005,8286,5211,7999
br_50,7973,7916,9204,7761,7932,8705,8015,9099,9184,7762,9179,5165,2129,9178,2149,5762,8706,9173,8148,9177,6772,7354,6780,7877,8240,9479,8956,9201,8106,8250,6701,9177,5165,9723,8701,9607,7027,9158,9257,9176,4507,9749,10052,8030,10005,9011,9178,8513,9564,14291,8240,9288,9522,10054,7028,6219,7099,7015,9173,7100,9793,6625,6573,8328,7000,6621,9418,9178,9395,7400,6466,7016,7015,9178,10054,6526,4927,9300,9424,7098,9151,7983,7761,8241,9264,8047,8051,9497,2129,9953,9153,9224,4959,8555,2470,8964,9282,6658,8792
br_51,8122,8047,9428,7877,8073,8721,8168,10460,9337,7879,9331,6485,1754,9329,1638,7049,8725,9223,8255,9328,8121,8609,7945,7925,8311,9398,8995,9425,8282,8323,8046,9328,6485,9775,8718,9601,8292,9398,9526,9328,5799,11077,10273,8041,10097,9327,9329,8570,9742,14023,8311,9508,9502,10178,8252,7490,8190,8136,9327,8326,9926,7738,7692,8320,8183,7735,10702,9329,9573,8710,7651,8206,8136,9330,10178,7678,4887,9327,9444,8189,9220,8103,7877,8312,9497,8216,8193,9591,1754,10139,9385,9502,6269,9895,2670,9209,9558,7912,8858
br_52,6293,6214,7608,6042,6243,6869,6339,10362,7501,6044,7494,6243,3605,7493,3491,6626,6873,7373,6415,7492,7963,7983,7117,6078,6466,7545,7145,7605,6459,6478,7855,7492,6243,7924,6866,7748,7719,7582,7718,7491,5487,10637,8446,6190,8249,7538,7493,6722,7909,15779,6466,7686,7649,8334,7554,6979,7193,7200,7491,7631,8084,6810,6779,6467,7382,6807,10074,7493,7741,8288,6886,7422,7200,7494,8334,6835,3045,7475,7592,7194,7372,6268,6042,6468,7679,6390,6362,7745,3605,8305,7567,7697,5991,9588,4440,7397,7753,7324,7010
br_53,6054,5976,7365,5805,6004,6648,6100,10184,7265,5807,7259,6073,3818,7258,3712,6433,6651,7148,6181,7257,7791,7763,6881,5850,6236,7339,6921,7362,6217,6248,7681,7256,6073,7701,6644,7531,7505,7338,7471,7256,5315,10423,8206,5967,8023,7286,7258,6495,7671,16039,6236,7444,7434,8104,7329,6774,6944,6956,7255,7406,7852,6567,6538,6248,7148,6564,9846,7257,7503,8086,6657,7190,6956,7258,8104,6599,2812,7254,7372,6945,7146,6031,5805,6238,7436,6149,6123,7517,3818,8068,7323,7450,5819,9391,4614,7152,7506,7110,6783
br_54,8683,8614,9964,8449,8637,9337,8727,10009,9903,8451,9897,6186,1172,9896,1135,6808,9340,9829,8833,9895,7743,8410,7857,8524,8904,10051,9604,9961,8833,8915,7682,9895,6186,10383,9333,10230,8079,9927,10043,9894,5554,10742,10815,8655,10692,9821,9896,9169,10300,13529,8904,10046,10135,10761,8096,7272,8177,8094,9893,8166,10504,7703,7651,8942,8075,7700,10455,9896,10130,8422,7541,8090,8094,9896,10761,7604,5495,9942,10062,8175,9819,8675,8449,8905,10030,8769,8757,10182,1172,10695,9918,10015,5992,9534,1914,9735,10072,7716,9456
br_55,8123,8047,9428,7877,8074,8721,8168,10462,9337,7879,9331,6487,1754,9330,1638,7051,8725,9223,8255,9329,8122,8610,7947,7925,8311,9398,8995,9425,8283,8323,8047,9328,6487,9775,8718,9601,8294,9398,9526,9328,5801,11079,10273,8041,10098,9327,9330,8570,9742,14023,8311,9508,9503,10179,8254,7491,8191,8137,9327,8328,9926,7739,7693,8320,8184,7736,10704,9330,9574,8711,7652,8208,8137,9330,10179,7679,4887,9327,9444,8190,9221,8103,7877,8313,9498,8216,8193,9592,1754,10139,9385,9502,6270,9897,2671,9210,9559,7914,8858
br_56,8196,8121,9500,7952,8148,8800,8242,10425,9412,7954,9405,6466,1671,9404,1559,7037,8804,9301,8330,9403,8093,8603,7952,8002,8387,9480,9074,9497,8355,8399,8020,9403,6466,9853,8797,9681,8285,9469,9596,9402,5785,11057,10346,8120,10175,9395,9404,8647,9816,13957,8387,9580,9583,10255,8251,7481,8205,8147,9402,8325,10002,7750,7704,8399,8187,7747,10692,9404,9647,8694,7654,8210,8147,9405,10255,7685,4964,9406,9523,8204,9298,8178,7951,8389,9569,8289,8267,9668,1671,10213,9456,9572,6252,9871,2581,9280,9629,7906,8935
br_57,7147,7109,8266,6974,7115,7970,7183,7842,8306,6975,8304,3792,3507,8301,3559,4348,7968,8389,7354,8301,5460,5920,5328,7149,7475,8804,8190,8262,7249,7482,5376,8301,3792,8914,7965,8855,5598,8209,8279,8300,3097,8382,9088,7330,9150,8003,8301,7748,8652,15110,7475,8350,8786,9170,5583,4793,5657,5567,8295,5655,8912,5178,5126,7633,5549,5175,8003,8302,8488,6009,5014,5565,5567,8302,9170,5075,4486,8530,8655,5655,8349,7183,6975,7475,8315,7201,7228,8660,3507,9021,8210,8240,3570,7214,3553,8015,8297,5223,8008
br_58,8520,8448,9815,8280,8472,9145,8565,10267,9738,8282,9732,6386,1320,9731,1233,6987,9149,9643,8661,9730,7973,8577,7980,8341,8724,9839,9416,9812,8675,8736,7907,9730,6386,10196,9142,10032,8251,9781,9903,9729,5732,10962,10664,8464,10513,9693,9731,8986,10140,13662,8724,9896,9935,10588,8246,7444,8271,8199,9728,8318,10333,7804,7755,8747,8206,7801,10643,9731,9970,8622,7672,8225,8199,9731,10588,7721,5303,9751,9870,8269,9637,8506,8280,8726,9883,8610,8592,10005,1320,10536,9770,9877,6183,9762,2190,9591,9934,7881,9274
br_59,6490,6411,7802,6240,6440,7073,6536,10339,7700,6242,7693,6218,3399,7692,3286,6625,7077,7575,6615,7691,7937,8013,7167,6280,6667,7752,7348,7800,6654,6679,7833,7690,6218,8127,7070,7953,7741,7776,7910,7690,5465,10656,8642,6393,8451,7726,7692,6924,8106,15599,6667,7881,7854,8535,7591,6990,7266,7265,7690,7668,8284,6872,6839,6671,7430,6869,10112,7692,7939,8295,6928,7469,7265,7692,8535,6886,3244,7679,7796,7266,7574,6466,6240,6669,7874,6586,6559,7947,3399,8503,7761,7889,5969,9586,4232,7590,7945,7346,7212
br_60,8333,8270,9594,8109,8289,9024,8377,9589,9552,8110,9547,5709,1611,9545,1608,6319,9026,9507,8495,9544,7291,7916,7351,8203,8575,9768,9285,9591,8476,8586,7225,9544,5709,10060,9020,9923,7587,9553,9661,9543,5064,10281,10446,8344,10357,9428,9545,8845,9942,13907,8575,9677,9833,10417,7595,6780,7669,7586,9541,7667,10158,7195,7144,8637,7571,7192,9971,9545,9772,7945,7036,7586,7586,9545,10417,7097,5199,9626,9748,7667,9491,8334,8109,8577,9657,8414,8409,9847,1611,10335,9546,9631,5509,9079,2142,9360,9689,7221,9129
br_61,6970,6892,8282,6721,6920,7553,7016,10422,8181,6723,8174,6312,2923,8173,2807,6769,7557,8056,7096,8172,8021,8217,7419,6761,7147,8227,7828,8279,7134,7160,7924,8171,6312,8607,7550,8431,7931,8255,8388,8171,5571,10827,9122,6874,8932,8201,8173,7405,8587,15132,7147,8361,8332,9016,7811,7159,7560,7544,8170,7888,8765,7147,7111,7151,7676,7144,10328,8172,8419,8449,7162,7711,7544,8173,9016,7140,3725,8158,8275,7560,8055,6946,6720,7149,8353,7066,7039,8427,2923,8984,8240,8366,6070,9719,3785,8069,8422,7538,7693
br_62,6490,6411,7802,6240,6440,7073,6536,10339,7700,6242,7693,6218,3399,7692,3286,6625,7077,7575,6615,7691,7937,8013,7167,6280,6667,7752,7348,7800,6654,6679,7833,7690,6218,8127,7070,7953,7741,7776,7910,7690,5465,10656,8642,6393,8451,7726,7692,6924,8106,15599,6667,7881,7854,8535,7591,6990,7266,7265,7690,7668,8284,6872,6839,6671,7430,6869,10112,7692,7939,8295,6928,7469,7265,7692,8535,6886,3244,7679,7796,7266,7574,6466,6240,6669,7874,6586,6559,7947,3399,8503,7761,7889,5969,9586,4232,7590,7945,7346,7212
br_63,6052,5991,7308,5833,6010,6769,6095,9132,7269,5835,7264,5014,3849,7262,3799,5399,6770,7241,6221,7262,6734,6784,5956,5942,6308,7542,7022,7305,6192,6318,6626,7261,5014,7792,6765,7670,6511,7268,7377,7261,4257,9425,8160,6093,8081,7148,7262,6579,7657,16192,6308,7392,7585,8136,6366,5759,6087,6073,7259,6443,7876,5677,5641,6391,6216,5674,8888,7263,7487,7066,5708,6253,6073,7263,8136,5676,3002,7365,7489,6088,7221,6057,5833,6309,7372,6131,6129,7572,3849,8050,7260,7347,4762,8361,4394,7074,7405,6116,6861
br_64,7965,7887,9277,7715,7915,8539,8011,10654,9175,7717,9168,6643,1967,9167,1833,7187,8544,9044,8090,9166,8298,8727,8030,7752,8139,9198,8816,9275,8129,8152,8218,9165,6643,9594,8536,9412,8417,9250,9383,9165,5943,11233,10118,7862,9922,9194,9167,8395,9582,14146,8139,9356,9312,10008,8358,7619,8248,8204,9165,8433,9758,7805,7762,8136,8273,7802,10830,9167,9414,8857,7744,8299,8204,9167,10008,7758,4719,9144,9260,8247,9045,7941,7715,8141,9348,8061,8034,9418,1967,9978,9236,9361,6421,10063,2926,9064,9417,8032,8683
br_65,8509,8445,9776,8283,8465,9191,8553,9708,9729,8284,9723,5863,1413,9722,1409,6482,9193,9676,8669,9721,7428,8084,7534,8372,8746,9927,9453,9773,8654,8757,7365,9721,5863,10230,9187,10089,7754,9736,9845,9720,5229,10425,10627,8510,10530,9615,9722,9015,10120,13724,8746,9859,9997,10592,7770,6946,7858,7773,9718,7840,10333,7383,7331,8801,7751,7379,10131,9722,9951,8099,7217,7765,7773,9722,10592,7281,5359,9794,9916,7856,9662,8508,8283,8748,9840,8592,8585,10020,1413,10515,9728,9816,5668,9219,1989,9542,9873,7390,9300
br_66,6697,6620,8006,6450,6648,7295,6743,10256,7910,6452,7904,6137,3172,7902,3065,6570,7298,7795,6827,7901,7853,7992,7174,6497,6882,7982,7568,8003,6859,6894,7752,7901,6137,8348,7291,8178,7712,7977,8109,7901,5390,10618,8848,6614,8669,7918,7902,7142,8316,15419,6882,8085,8080,8750,7579,6949,7299,7289,7900,7656,8498,6893,6857,6894,7434,6890,10099,7902,8147,8247,6923,7470,7289,7903,8750,6894,3458,7901,8018,7299,7792,6676,6450,6884,8076,6791,6767,8163,3172,8712,7964,8086,5891,9528,3990,7790,8143,7318,7430
br_67,8938,8866,10233,8699,8891,9562,8983,10334,10157,8700,10151,6554,902,10150,817,7181,9566,10061,9080,10149,8092,8787,8240,8759,9142,10252,9834,10230,9093,9154,8034,10148,6554,10614,9559,10448,8455,10199,10320,10148,5929,11096,11082,8881,10931,10108,10150,9404,10558,13246,9142,10314,10351,11007,8476,7648,8560,8477,10147,8546,10752,8086,8034,9163,8458,8083,10824,10150,10389,8788,7924,8473,8477,10150,11007,7987,5721,10168,10287,8558,10055,8925,8698,9144,10300,9028,9011,10423,902,10955,10188,10294,6363,9884,1831,10008,10351,8094,9692
br_68,8333,8270,9594,8109,8289,9024,8377,9589,9552,8110,9547,5709,1611,9545,1608,6319,9026,9507,8495,9544,7291,7916,7351,8203,8575,9768,9285,9591,8476,8586,7225,9544,5709,10060,9020,9923,7587,9553,9661,9543,5064,10281,10446,8344,10357,9428,9545,8845,9942,13907,8575,9677,9833,10417,7595,6780,7669,7586,9541,7667,10158,7195,7144,8637,7571,7192,9971,9545,9772,7945,7036,7586,7586,9545,10417,7097,5199,9626,9748,7667,9491,8334,8109,8577,9657,8414,8409,9847,1611,10335,9546,9631,5509,9079,2142,9360,9689,7221,9129
br_69,8024,7949,9330,7779,7975,8624,8070,10439,9239,7781,9233,6447,1849,9231,1735,7004,8628,9125,8157,9231,8091,8557,7883,7827,8213,9302,8898,9327,8184,8225,8014,9230,6447,9677,8621,9504,8243,9300,9428,9230,5756,11039,10175,7944,10000,9229,9231,8472,9644,14121,8213,9410,9406,10081,8196,7441,8121,8069,9229,8271,9828,7671,7626,8223,8122,7668,10654,9231,9475,8668,7591,8147,8069,9232,10081,7614,4789,9230,9347,8120,9123,8005,7779,8215,9399,8118,8095,9494,1849,10041,9287,9404,6229,9862,2754,9111,9460,7861,8760
br_70,8189,8114,9493,7945,8141,8793,8235,10425,9405,7947,9399,6464,1678,9398,1566,7035,8797,9294,8323,9397,8092,8600,7948,7995,8381,9473,9067,9490,8349,8393,8019,9396,6464,9846,8790,9674,8282,9462,9589,9396,5783,11056,10339,8113,10168,9388,9398,8641,9809,13963,8381,9573,9576,10248,8248,7478,8201,8144,9395,8322,9995,7746,7700,8392,8184,7743,10690,9397,9641,8692,7651,8206,8144,9398,10248,7682,4957,9399,9517,8200,9291,8171,7945,8383,9562,8282,8260,9662,1678,10206,9450,9565,6250,9870,2587,9274,9622,7904,8928
br_71,7525,7458,8806,7294,7480,8191,7570,9763,8746,7295,8740,5721,2325,8739,2266,6256,8193,8679,7678,8738,7390,7794,7107,7374,7751,8921,8455,8803,7674,7762,7306,8737,5721,9233,8187,9087,7483,8769,8885,8737,5014,10306,9657,7509,9538,8666,8739,8019,9142,14686,7751,8888,8994,9605,7427,6685,7345,7292,8735,7502,9347,6894,6849,7799,7348,6891,9897,8739,8972,7928,6817,7373,7292,8739,9605,6838,4354,8795,8916,7344,8667,7520,7293,7753,8871,7611,7600,9029,2325,9537,8759,8857,5495,9144,2996,8577,8915,7099,8304
br_72,8960,8886,10261,8717,8912,9568,9006,10491,10177,8719,10171,6703,909,10170,791,7327,9572,10069,9096,10169,8246,8931,8373,8770,9155,10245,9842,10258,9118,9167,8188,10168,6703,10621,9565,10449,8600,10229,10353,10168,6074,11250,11108,8888,10943,10146,10170,9415,10580,13208,9155,10341,10350,11022,8616,7792,8685,8605,10167,8686,10768,8213,8162,9167,8593,8210,10973,10169,10411,8938,8059,8609,8605,10170,11022,8118,5731,10174,10291,8683,10066,8944,8717,9157,10329,9052,9032,10436,909,10977,10217,10328,6510,10039,1908,10039,10385,8236,9703
br_73,7971,7893,9283,7721,7921,8545,8017,10655,9181,7723,9174,6644,1961,9173,1828,7189,8549,9050,8095,9172,8299,8729,8033,7758,8145,9204,8822,9280,8135,8158,8220,9171,6644,9600,8542,9418,8419,9256,9389,9171,5945,11235,10123,7867,9928,9199,9173,8401,9588,14141,8145,9362,9318,10014,8361,7621,8251,8207,9171,8436,9763,7808,7765,8142,8276,7805,10832,9173,9420,8859,7746,8302,8207,9173,10014,7762,4724,9150,9266,8251,9051,7947,7721,8147,9354,8067,8040,9424,1961,9984,9242,9366,6422,10064,2921,9069,9423,8035,8689
br_74,8639,8564,9942,8395,8591,9243,8685,10481,9855,8397,9849,6613,1232,9848,1116,7216,9247,9744,8774,9847,8195,8806,8207,8446,8831,9920,9517,9939,8798,8843,8130,9846,6613,10297,9240,10124,8480,9910,10036,9846,5961,11187,10788,8563,10619,9832,9848,9091,10259,13521,8831,10022,10025,10699,8475,7673,8494,8424,9845,8547,10445,8029,7980,8842,8434,8026,10871,9847,10090,8849,7900,8453,8424,9848,10699,7947,5407,9849,9967,8492,9742,8621,8395,8833,10010,8731,8710,10112,1232,10656,9898,10011,6411,9985,2194,9721,10068,8110,9379
br_75,6095,6016,7410,5844,6044,6671,6141,10326,7303,5846,7296,6215,3802,7295,3688,6576,6675,7174,6217,7294,7933,7903,7019,5880,6267,7350,6946,7407,6261,6279,7823,7293,6215,7725,6668,7550,7646,7385,7521,7293,5457,10565,8248,5992,8051,7342,7295,6524,7710,15970,6267,7488,7452,8136,7468,6917,7076,7090,7293,7545,7885,6703,6673,6269,7286,6700,9985,7295,7543,8229,6796,7328,7090,7295,8136,6737,2846,7277,7394,7078,7174,6069,5843,6269,7482,6192,6163,7547,3802,8106,7369,7500,5961,9534,4627,7200,7556,7251,6812
br_76,8151,8076,9452,7907,8102,8762,8196,10347,9367,7909,9361,6383,1704,9360,1600,6954,8766,9262,8287,9359,8013,8519,7868,7962,8346,9448,9035,9449,8308,8358,7939,9358,6383,9815,8759,9646,8201,9420,9546,9358,5702,10975,10298,8081,10134,9342,9360,8607,9770,14011,8346,9532,9548,10213,8167,7397,8122,8064,9357,8241,9959,7667,7621,8362,8103,7664,10609,9360,9602,8611,7571,8126,8064,9360,10213,7602,4923,9368,9486,8121,9258,8134,7907,8348,9521,8242,8222,9627,1704,10167,9408,9521,6169,9790,2586,9231,9578,7822,8895
br_77,5999,5920,7313,5748,5948,6581,6045,10269,7208,5750,7201,6162,3889,7200,3778,6513,6584,7083,6122,7199,7880,7829,6938,5787,6174,7263,6855,7310,6164,6186,7768,7198,6162,7634,6577,7461,7574,7287,7423,7198,5404,10492,8151,5901,7959,7242,7200,6431,7615,16072,6174,7391,7363,8042,7392,6849,6989,7005,7198,7469,7791,6618,6590,6179,7205,6615,9906,7200,7447,8162,6718,7248,7005,7200,8042,6656,2752,7186,7303,6990,7082,5974,5748,6176,7384,6096,6067,7454,3889,8011,7272,7402,5908,9470,4702,7102,7458,7180,6719
br_78,9073,8999,10370,8831,9025,9688,9118,10438,10290,8833,10284,6686,782,10283,677,7319,9691,10187,9211,10282,8212,8927,8389,8887,9271,10369,9960,10367,9229,9283,8156,10281,6686,10740,9684,10570,8594,10337,10460,10281,6068,11218,11218,9007,11060,10250,10283,9532,10693,13104,9271,10451,10472,11137,8620,7787,8712,8628,10280,8690,10883,8238,8186,9287,8605,8234,10957,10283,10524,8918,8071,8619,8628,10283,11137,8137,5849,10293,10411,8710,10183,9057,8831,9273,10438,9163,9145,10553,782,11089,10326,10434,6497,10004,1775,10147,10491,8234,9820
br_79,6756,6678,8068,6507,6706,7343,6802,10355,7967,6509,7961,6237,3129,7960,3016,6674,7347,7845,6883,7959,7952,8098,7280,6549,6936,8022,7618,8065,6920,6948,7852,7958,6237,8397,7340,8223,7817,8041,8174,7958,5491,10723,8909,6663,8721,7987,7960,7194,8374,15345,6936,8147,8125,8804,7685,7054,7405,7395,7957,7762,8553,6999,6964,6942,7540,6996,10205,7959,8206,8351,7030,7576,7395,7960,8804,7000,3512,7949,8066,7405,7844,6733,6507,6938,8139,6852,6826,8216,3129,8770,8026,8152,5992,9630,3970,7854,8208,7423,7482
br_80,6482,6403,7794,6232,6431,7065,6528,10335,7692,6234,7685,6213,3406,7684,3294,6619,7069,7568,6607,7683,7932,8006,7161,6272,6659,7745,7340,7791,6646,6671,7828,7682,6213,8119,7062,7945,7735,7768,7902,7682,5460,10650,8634,6386,8444,7718,7684,6916,8098,15608,6659,7873,7847,8527,7584,6984,7258,7258,7682,7661,8276,6865,6832,6664,7424,6862,10106,7684,7931,8289,6921,7462,7258,7684,8527,6879,3236,7671,7788,7259,7567,6458,6231,6661,7865,6578,6551,7939,3406,8495,7753,7881,5964,9581,4239,7582,7936,7340,7204
br_81,8204,8129,9508,7959,8155,8807,8250,10439,9420,7961,9413,6480,1666,9412,1552,7052,8810,9308,8338,9411,8108,8618,7966,8009,8395,9485,9080,9505,8364,8407,8034,9410,6480,9860,8803,9687,8299,9478,9605,9410,5800,11072,10354,8126,10182,9404,9412,8654,9824,13947,8395,9588,9589,10262,8266,7496,8219,8162,9409,8340,10009,7764,7718,8406,8202,7761,10707,9412,9655,8708,7669,8225,8162,9412,10262,7700,4971,9412,9530,8218,9305,8186,7959,8396,9578,8297,8275,9676,1666,10221,9465,9581,6267,9886,2581,9289,9637,7921,8942
br_82,6054,5976,7365,5805,6004,6648,6100,10184,7265,5807,7259,6073,3818,7258,3712,6433,6651,7148,6181,7257,7791,7763,6881,5850,6236,7339,6921,7362,6217,6248,7681,7256,6073,7701,6644,7531,7505,7338,7471,7256,5315,10423,8206,5967,8023,7286,7258,6495,7671,16039,6236,7444,7434,8104,7329,6774,6944,6956,7255,7406,7852,6567,6538,6248,7148,6564,9846,7257,7503,8086,6657,7190,6956,7258,8104,6599,2812,7254,7372,6945,7146,6031,5805,6238,7436,6149,6123,7517,3818,8068,7323,7450,5819,9391,4614,7152,7506,7110,6783
br_83,7056,6980,8363,6810,7007,7657,7102,10285,8270,6812,8264,6182,2810,8263,2703,6653,7661,8157,7187,8262,7887,8119,7339,6859,7244,8344,7930,8361,7217,7256,7792,8261,6182,8710,7654,8540,7828,8334,8464,8261,5446,10715,9207,6976,9031,8271,8263,7504,8675,15073,7244,8443,8442,9112,7719,7050,7498,7475,8260,7796,8859,7077,7039,7257,7594,7074,10231,8262,8507,8334,7076,7627,7475,8263,9112,7061,3820,8263,8381,7498,8154,7036,6810,7246,8433,7150,7126,8525,2810,9072,8321,8441,5943,9596,3641,8147,8498,7435,7792
br_84,7840,7764,9147,7594,7791,8436,7886,10443,9054,7596,9048,6422,2038,9047,1922,6963,8440,8938,7971,9046,8081,8500,7803,7641,8027,9113,8711,9144,8001,8039,8001,9045,6422,9490,8433,9316,8190,9118,9247,9045,5720,11010,9991,7756,9813,9050,9047,8286,9459,14297,8027,9227,9218,9895,8131,7393,8024,7979,9044,8206,9642,7580,7537,8035,8046,7577,10604,9046,9291,8633,7517,8072,7979,9047,9895,7532,4603,9042,9159,8024,8936,7820,7594,8029,9217,7934,7911,9307,2038,9856,9104,9223,6198,9843,2935,8930,9280,7806,8574
br_85,7965,7886,9277,7715,7915,8539,8011,10655,9175,7717,9168,6643,1967,9167,1834,7188,8543,9044,8089,9166,8298,8727,8030,7751,8139,9198,8815,9274,8129,8151,8219,9165,6643,9594,8536,9412,8417,9250,9382,9165,5943,11233,10117,7861,9921,9193,9167,8395,9582,14147,8139,9356,9311,10007,8358,7619,8248,8204,9165,8433,9757,7805,7762,8136,8273,7802,10830,9166,9414,8857,7744,8299,8204,9167,10007,7759,4718,9144,9260,8247,9045,7941,7715,8141,9348,8061,8034,9418,1967,9978,9235,9360,6421,10063,2927,9063,9416,8033,8683
br_86,9035,8960,10337,8791,8986,9638,9080,10550,10251,8793,10245,6777,852,10243,722,7404,9641,10139,9170,10243,8314,9009,8457,8841,9227,10309,9912,10334,9193,9239,8256,10242,6777,10691,9634,10516,8677,10305,10431,10242,6152,11318,11184,8957,11014,10226,10243,9486,10655,13128,9227,10417,10418,11094,8696,7870,8770,8690,10241,8767,10841,8298,8247,9236,8676,8295,11047,10243,10486,9011,8142,8691,8690,10244,11094,8202,5803,10243,10360,8768,10137,9017,8791,9229,10406,9127,9106,10508,852,11052,10293,10406,6586,10106,1882,10116,10463,8315,9774
br_87,6745,6668,8055,6498,6696,7340,6791,10291,7958,6500,7951,6173,3128,7950,3019,6610,7344,7841,6874,7949,7888,8037,7222,6543,6929,8025,7614,8052,6908,6941,7788,7949,6173,8393,7337,8222,7755,8027,8159,7948,5426,10660,8897,6659,8716,7969,7950,7188,8364,15367,6929,8134,8124,8797,7625,6991,7349,7338,7948,7702,8545,6942,6907,6939,7481,6939,10144,7950,8196,8287,6970,7517,7338,7951,8797,6942,3505,7946,8063,7350,7839,6724,6498,6931,8126,6840,6815,8210,3128,8760,8013,8137,5928,9567,3955,7840,8193,7361,7476
br_88,5956,5882,7259,5713,5907,6579,6001,9942,7172,5715,7166,5834,3889,7165,3795,6188,6582,7075,6093,7164,7551,7516,6637,5772,6155,7291,6849,7257,6115,6166,7440,7163,5834,7628,6575,7469,7258,7229,7358,7163,5076,10177,8105,5897,7944,7163,7165,6417,7576,16178,6155,7339,7374,8019,7083,6528,6705,6715,7162,7160,7765,6325,6295,6182,6903,6323,9600,7165,7407,7841,6411,6945,6715,7165,8019,6355,2736,7185,7304,6706,7068,5939,5712,6156,7329,6048,6027,7436,3889,7973,7216,7335,5580,9146,4633,7041,7391,6864,6705
br_89,8149,8075,9449,7906,8101,8764,8194,10313,9366,7908,9360,6350,1701,9358,1601,6922,8768,9263,8286,9357,7979,8488,7840,7962,8346,9453,9036,9446,8306,8358,7905,9357,6350,9816,8761,9648,8169,9417,9541,9357,5670,10942,10296,8083,10135,9336,9358,8608,9769,14017,8346,9529,9551,10212,8137,7366,8096,8037,9356,8211,9958,7640,7593,8365,8074,7637,10577,9358,9600,8578,7542,8097,8037,9359,10212,7574,4924,9370,9488,8095,9259,8133,7906,8348,9517,8240,8220,9628,1701,10166,9405,9516,6136,9756,2571,9227,9573,7791,8896
br_90,7966,7888,9278,7716,7916,8541,8012,10650,9176,7718,9169,6639,1965,9168,1832,7184,8545,9045,8091,9167,8294,8724,8027,7753,8141,9200,8817,9275,8130,8153,8215,9166,6639,9595,8538,9414,8413,9251,9383,9166,5940,11229,10119,7863,9923,9194,9168,8397,9583,14146,8141,9357,9314,10009,8355,7615,8245,8201,9166,8430,9759,7802,7759,8137,8270,7799,10827,9168,9415,8853,7741,8296,8201,9168,10009,7756,4720,9146,9261,8245,9046,7942,7716,8143,9349,8062,8035,9420,1965,9979,9237,9361,6417,10059,2923,9064,9418,8029,8685
br_91,9045,8970,10347,8801,8997,9648,9091,10552,10261,8803,10255,6782,842,10254,712,7410,9651,10149,9180,10253,8317,9015,8464,8851,9237,10319,9922,10344,9204,9249,8260,10252,6782,10701,9644,10526,8683,10316,10441,10252,6157,11322,11194,8968,11024,10236,10254,9496,10665,13118,9237,10428,10427,11104,8703,7876,8778,8697,10251,8773,10851,8305,8254,9246,8682,8302,11052,10253,10496,9016,8148,8698,8697,10254,11104,8209,5813,10253,10370,8776,10147,9027,8801,9239,10416,9137,9116,10518,842,11062,10303,10416,6591,10110,1875,10126,10473,8321,9784
br_92,9265,9190,10567,9021,9216,9865,9310,10600,10481,9023,10474,6887,644,10473,497,7527,9869,10367,9399,10472,8396,9138,8612,9070,9456,10533,10140,10564,9423,9468,8343,10472,6887,10919,9862,10743,8804,10536,10661,10471,6278,11403,11414,9185,11242,10455,10473,9715,10885,12899,9456,10647,10644,11323,8836,7997,8940,8854,10471,8906,11071,8464,8412,9463,8826,8461,11158,10473,10716,9117,8293,8840,8854,10473,11323,8361,6032,10471,10588,8938,10365,9247,9020,9457,10636,9357,9336,10736,644,11282,10523,10636,6702,10187,1724,10346,10693,8447,10003
br_93,8091,8017,9392,7848,8043,8705,8136,10316,9308,7850,9302,6343,1760,9301,1659,6909,8709,9204,8228,9300,7977,8471,7815,7904,8288,9394,8978,9389,8249,8300,7902,9299,6343,9757,8702,9589,8154,9360,9485,9299,5658,10935,10239,8024,10077,9281,9301,8549,9711,14072,8288,9472,9492,10154,8117,7351,8066,8010,9298,8191,9900,7612,7566,8306,8051,7609,10563,9300,9542,8568,7519,8074,8010,9301,10154,7549,4865,9311,9429,8066,9200,8075,7848,8290,9460,8183,8163,9569,1760,10108,9348,9460,6127,9752,2629,9170,9517,7775,8837
br_94,5838,5767,7133,5601,5791,6487,5883,9719,7058,5603,7052,5617,3998,7050,3914,5962,6490,6978,5984,7050,7332,7282,6401,5673,6052,7218,6753,7130,5993,6063,7220,7049,5617,7532,6484,7382,7025,7101,7225,7049,4858,9944,7982,5805,7841,7022,7050,6318,7458,16328,6052,7214,7290,7911,6848,6298,6471,6480,7047,6925,7655,6090,6060,6095,6668,6088,9365,7050,7289,7610,6176,6709,6480,7051,7911,6120,2650,7092,7212,6472,6968,5827,5601,6054,7201,5928,5911,7331,3998,7855,7089,7200,5362,8918,4693,6911,7257,6631,6604
br_95,6202,6137,7478,5974,6158,6888,6246,9434,7422,5976,7417,5313,3654,7415,3590,5711,6890,7370,6360,7414,7033,7106,6279,6066,6439,7640,7148,7474,6349,6450,6927,7414,5313,7923,6884,7788,6831,7440,7556,7413,4558,9743,8329,6208,8222,7337,7415,6708,7816,16015,6439,7560,7699,8284,6689,6077,6407,6394,7412,6765,8026,5998,5963,6502,6539,5995,9210,7415,7646,7381,6030,6575,6394,7416,8284,5999,3075,7489,7612,6407,7355,6200,5974,6440,7543,6286,6278,7712,3654,8211,7431,7528,5063,8673,4272,7248,7585,6436,6992
br_96,8590,8520,9881,8353,8544,9227,8635,10168,9810,8355,9804,6310,1247,9803,1178,6920,9230,9723,8735,9802,7885,8515,7936,8419,8801,9929,9497,9878,8744,8813,7821,9801,6310,10277,9224,10116,8187,9846,9965,9801,5665,10879,10730,8545,10590,9750,9803,9065,10210,13604,8801,9962,10020,10663,8191,7380,8239,8162,9800,8263,10407,7769,7719,8830,8159,7766,10573,9803,10040,8547,7625,8176,8162,9803,10663,7679,5384,9833,9952,8237,9716,8579,8353,8803,9947,8679,8663,10082,1247,10606,9835,9938,6111,9675,2074,9654,9995,7820,9352
br_97,7958,7883,9260,7714,7909,8568,8003,10335,9174,7716,9168,6338,1898,9167,1794,6892,8571,9068,8093,9166,7985,8444,7769,7768,8152,9254,8840,9257,8116,8164,7907,9165,6338,9620,8564,9451,8130,9229,9355,9165,5644,10929,10106,7887,9940,9153,9167,8413,9578,14199,8152,9340,9354,10019,8083,7329,8008,7956,9164,8157,9765,7558,7513,8168,8009,7555,10541,9166,9409,8557,7477,8033,7956,9167,10019,7501,4729,9174,9292,8007,9064,7941,7714,8154,9329,8050,8029,9433,1898,9975,9216,9331,6118,9754,2768,9040,9387,7748,8701
br_98,7967,7889,9279,7717,7917,8541,8013,10652,9177,7719,9170,6641,1965,9169,1831,7186,8545,9046,8091,9168,8296,8726,8029,7754,8141,9200,8818,9276,8131,8153,8217,9167,6641,9596,8538,9414,8416,9252,9384,9167,5942,11232,10119,7863,9924,9195,9169,8397,9584,14145,8141,9358,9314,10010,8357,7617,8247,8203,9167,8432,9759,7804,7761,8138,8272,7801,10829,9169,9416,8856,7743,8298,8203,9169,10010,7758,4720,9146,9262,8247,9047,7943,7717,8143,9350,8063,8036,9420,1965,9980,9237,9362,6419,10061,2923,9065,9418,8031,8685
br_99,7146,7108,8265,6974,7114,7969,7183,7842,8305,6974,8303,3792,3508,8301,3559,4348,7968,8388,7354,8300,5461,5920,5328,7149,7474,8803,8189,8262,7249,7481,5376,8300,3792,8913,7965,8854,5598,8208,8278,8299,3098,8382,9088,7329,9150,8002,8301,7747,8651,15111,7474,8350,8785,9169,5583,4793,5657,5567,8295,5655,8911,5178,5126,7632,5549,5175,8003,8301,8487,6009,5014,5565,5567,8301,9169,5075,4485,8529,8654,5655,8349,7183,6974,7474,8315,7200,7227,8659,3508,9020,8210,8239,3570,7214,3554,8015,8296,5223,8007
